[1,["e0jFoEEp1MlaXJfIcshciR"],0,[["sp.SkeletonData",["_name","_atlasText","textureNames","_skeletonJson","textures"],-1,3]],[[0,0,1,2,3,4,5]],[[0,"EffectLogoYO88","\nEffectLogoYO88.png\nsize: 804,802\nformat: RGBA8888\nfilter: MipMapNearestLinear,MipMapNearestLinear\nrepeat: none\n1\n  rotate: false\n  xy: 2, 42\n  size: 487, 309\n  orig: 487, 309\n  offset: 0, 0\n  index: -1\n2\n  rotate: true\n  xy: 491, 313\n  size: 487, 309\n  orig: 487, 309\n  offset: 0, 0\n  index: -1\nBlur\n  rotate: false\n  xy: 491, 177\n  size: 178, 134\n  orig: 178, 134\n  offset: 0, 0\n  index: -1\nLight\n  rotate: false\n  xy: 671, 191\n  size: 131, 120\n  orig: 131, 120\n  offset: 0, 0\n  index: -1\nefWin\n  rotate: false\n  xy: 2, 353\n  size: 462, 447\n  orig: 462, 447\n  offset: 0, 0\n  index: -1\n",["EffectLogoYO88.png"],{"skeleton":{"hash":"/9rdxvTtCjnQZ8eDfcFODu4loWk","spine":"3.7.93","width":509.35,"height":447,"images":"","audio":""},"bones":[{"name":"root"},{"name":"bone","parent":"root"},{"name":"bone2","parent":"root"},{"name":"bone3","parent":"root","x":-72.89},{"name":"bone4","parent":"root"},{"name":"bone5","parent":"root","x":-31.21,"y":61.96},{"name":"MASK","parent":"root","x":-270.11,"y":-26.42},{"name":"bone6","parent":"root","x":-200.35,"y":24.25},{"name":"bone7","parent":"root","x":100.4,"y":-68.62},{"name":"bone8","parent":"root","x":-36.16,"y":-69.34}],"slots":[{"name":"efWin","bone":"bone4","attachment":"efWin"},{"name":"1","bone":"bone","attachment":"1"},{"name":"2","bone":"bone2","attachment":"2"},{"name":"Light","bone":"bone5","attachment":"Light"},{"name":"Light2","bone":"bone6","attachment":"Light"},{"name":"Light3","bone":"bone7","attachment":"Light"},{"name":"Light4","bone":"bone8","attachment":"Light"},{"name":"MASK","bone":"MASK","attachment":"MASK"},{"name":"Blur","bone":"bone3","attachment":"Blur"}],"skins":{"default":{"1":{"1":{"width":487,"height":309}},"2":{"2":{"width":487,"height":309}},"Blur":{"Blur":{"x":-253.53,"y":31.11,"scaleY":2.408,"rotation":-17.26,"width":178,"height":134}},"Light":{"Light":{"width":131,"height":120}},"Light2":{"Light":{"width":131,"height":120}},"Light3":{"Light":{"width":131,"height":120}},"Light4":{"Light":{"width":131,"height":120}},"MASK":{"MASK":{"type":"clipping","end":"MASK","vertexCount":156,"color":"8c000000","vertices":[36.86,29.22,43.44,37.41,38.83,49.96,37.75,53.61,38.57,64.52,39.94,68.17,42.59,70.93,46.36,72.28,79.8,71.99,82.81,70.39,84.85,67.13,86.42,62.82,138.91,83.65,140.8,93.16,142.52,97.56,144.96,101.89,155.38,110.77,160.1,113.92,164.92,115.83,171.5,116.54,179.29,115.78,185.57,113.39,191.77,109.2,186.66,120.25,186.4,123.32,186.52,126.14,187.18,128.56,188.42,130.34,190,132.05,191.9,133.56,250.04,157.63,254.46,158.27,258.51,157.22,261.53,155.62,263.61,153.41,265.22,149.6,308.08,152.28,312.29,151.1,315.62,148.25,317.36,144.55,318.06,139.59,356.97,132.96,360.44,131.22,363.43,128.31,365.01,124.69,365.43,120.93,364.02,113.66,369.58,119.13,374.76,123.36,379.54,126.16,384.65,128.22,390.68,129.72,398.19,130.32,406.71,129.59,413.42,127.82,417.12,126.23,420.39,124.42,423.53,121.98,426.55,119.47,430.74,114.83,434.17,110.33,435.92,107.1,437.38,104.1,438.48,100.76,439.56,96.5,439.73,93.5,439.88,90.24,440,85.35,444.58,86.39,450.4,86.48,456.12,86.1,462.02,84.77,468.9,82.85,472.68,81.37,476.47,79.13,479.39,77.05,482.5,74.61,485.65,71.24,488.62,67.88,490.61,64.58,492.09,61.01,493.3,57.66,494.32,53.82,495.06,48.48,495.01,44.43,494.58,39.87,496.46,37.72,498.55,35.68,500.77,32.61,503.21,28.45,504.56,25.3,505.44,22.07,506.3,17.93,506.82,13.63,507.04,9.81,506.44,5.41,505.65,1.62,504.28,-2.15,502.87,-4.67,501.03,-7.59,499.16,-10.36,497.21,-12.59,494.05,-15.54,492.18,-17.14,492.36,-20.28,492.22,-23.92,492.11,-28.72,491.46,-32.73,490.13,-38.59,488.76,-42.49,487.28,-46.45,486.01,-49.16,483.98,-52.59,481.18,-56.44,477.06,-61.14,473.32,-65.58,468.67,-68.77,464.45,-72.16,459.64,-74.92,452.46,-77.6,446.41,-79.57,440.81,-80.61,431.1,-81.37,424.2,-80.95,414.71,-79.26,407.83,-77.36,402.82,-74.92,397.34,-71.68,393.54,-68.25,390.09,-62.97,270.45,-108.94,203.31,-83.39,159.86,-83.67,152.73,-81.95,147.66,-79.47,144.11,-76.04,140.72,-71.51,139.13,-65.13,138.22,-58.01,104.39,-44.87,96.96,-79.61,94.38,-81.5,91.46,-83.2,59.49,-83.04,55.34,-81.17,52.54,-76.16,53.97,-64.1,60.99,-24.95,47.73,-16.91,43.8,-13.57,40.43,-8.44,37.53,-3.65,35.65,0.8,34.17,8.6,34.02,15.76,34.68,21.53]}},"efWin":{"efWin":{"width":462,"height":447}}}},"animations":{"animation":{"slots":{"2":{"color":[{"time":0,"color":"ffffff00","curve":"stepped"},{"time":1,"color":"ffffff00"},{"time":1.3333,"color":"ffffffff"},{"time":1.6667,"color":"ffffff00"}]},"Blur":{"color":[{"time":0.6333,"color":"ffffff82"},{"time":0.8667,"color":"ffffffff"},{"time":1.1333,"color":"ffffff8b"}]},"Light":{"color":[{"time":0,"color":"ffffffab"},{"time":0.3667,"color":"ffffffff"}]},"Light2":{"color":[{"time":0.5667,"color":"ffffffab"},{"time":0.9333,"color":"ffffffff"}]},"Light3":{"color":[{"time":1.3,"color":"ffffffab"},{"time":1.6667,"color":"ffffffff"}]},"Light4":{"color":[{"time":1.9,"color":"ffffffab"},{"time":2.2667,"color":"ffffffff"}]}},"bones":{"bone4":{"rotate":[{"time":0,"angle":0},{"time":3,"angle":90.3}],"scale":[{"time":0,"x":0.6,"y":0.6},{"time":0.5,"x":1,"y":1},{"time":0.9333,"x":0.8,"y":0.8},{"time":1.3333,"x":1,"y":1},{"time":1.9,"x":0.8,"y":0.8},{"time":2.5,"x":1,"y":1},{"time":3,"x":0.6,"y":0.6}]},"bone5":{"rotate":[{"time":0,"angle":0},{"time":0.7667,"angle":96}],"scale":[{"time":0,"x":0,"y":0},{"time":0.3667,"x":1.1,"y":1.1},{"time":0.7667,"x":0,"y":0}]},"bone3":{"translate":[{"time":0.6333,"x":0,"y":0},{"time":1.1333,"x":622.88,"y":0}]},"bone6":{"rotate":[{"time":0.5667,"angle":0},{"time":1.3333,"angle":96}],"scale":[{"time":0,"x":0,"y":0,"curve":"stepped"},{"time":0.5667,"x":0,"y":0},{"time":0.9333,"x":1.1,"y":1.1},{"time":1.3333,"x":0,"y":0}]},"bone7":{"rotate":[{"time":1.3,"angle":0},{"time":2.0667,"angle":96}],"scale":[{"time":0,"x":0,"y":0,"curve":"stepped"},{"time":1.3,"x":0,"y":0},{"time":1.6667,"x":1.1,"y":1.1},{"time":2.0667,"x":0,"y":0}]},"bone8":{"rotate":[{"time":1.9,"angle":0},{"time":2.6667,"angle":96}],"scale":[{"time":0,"x":0,"y":0,"curve":"stepped"},{"time":1.9,"x":0,"y":0},{"time":2.2667,"x":1.1,"y":1.1},{"time":2.6667,"x":0,"y":0}]}}}}},[0]]],0,0,[0],[-1],[0]]