[{"__type__":"cc.SceneAsset","_name":"LoadScene","scene":{"__id__":1},"asyncLoadAssets":null},{"__type__":"cc.Scene","_name":"New Node","_children":[{"__id__":2},{"__id__":10}],"_anchorPoint":{"__type__":"cc.Vec2"},"autoReleaseAssets":false},{"__type__":"cc.Node","_name":"Canvas","_parent":{"__id__":1},"_children":[{"__id__":3},{"__id__":4},{"__id__":5},{"__id__":6},{"__id__":8}],"_components":[{"__type__":"cc.Canvas","node":{"__id__":2},"_designResolution":{"__type__":"cc.Size","width":1280,"height":720}},{"__type__":"cc.Widget","node":{"__id__":2},"_alignFlags":45}],"_contentSize":{"__type__":"cc.Size","width":1280,"height":720},"_id":"a5esZu+45LA5mBpvttspPD"},{"__type__":"cc.Node","_name":"Main Camera","_parent":{"__id__":2},"_components":[{"__type__":"cc.Camera","node":{"__id__":3},"_clearFlags":7,"_depth":-1}],"_contentSize":{"__type__":"cc.Size","width":960,"height":640}},{"__type__":"cc.Node","_name":"BG","_parent":{"__id__":2},"_components":[{"__type__":"cc.Sprite","node":{"__id__":4},"_materials":[{"__uuid__":"ecpdLyjvZBwrvm+cedCcQy"}],"_spriteFrame":{"__uuid__":"f9z0/NaX9Mt41OA7Zyye3m"}},{"__type__":"cc.Widget","node":{"__id__":4},"_alignFlags":45,"_originalWidth":1280,"_originalHeight":720}],"_contentSize":{"__type__":"cc.Size","width":1280,"height":720}},{"__type__":"cc.Node","_name":"Logo","_parent":{"__id__":2},"_components":[{"__type__":"cc.Sprite","node":{"__id__":5},"_materials":[{"__uuid__":"ecpdLyjvZBwrvm+cedCcQy"}],"_spriteFrame":{"__uuid__":"9ebHaWt3JJI5i8Kicyq0Wt"}}],"_contentSize":{"__type__":"cc.Size","width":201,"height":79}},{"__type__":"cc.Node","_name":"blue bar","_parent":{"__id__":2},"_components":[{"__id__":7}],"_contentSize":{"__type__":"cc.Size","width":442,"height":25}},{"__type__":"cc.Sprite","node":{"__id__":6},"_materials":[{"__uuid__":"ecpdLyjvZBwrvm+cedCcQy"}],"_spriteFrame":{"__uuid__":"08MYKKOHdOl5fxHF9FDuS1"},"_type":3},{"__type__":"cc.Node","_name":"label loading","_parent":{"__id__":2},"_components":[{"__id__":9}],"_contentSize":{"__type__":"cc.Size","width":97.87,"height":50.4}},{"__type__":"cc.Label","node":{"__id__":8},"_materials":[{"__uuid__":"ecpdLyjvZBwrvm+cedCcQy"}],"_useOriginalSize":false,"_string":"Label","_N$string":"Label","_N$verticalAlign":1},{"__type__":"cc.Node","_name":"LoadGameController","_parent":{"__id__":1},"_components":[{"__type__":"89e3bULnINAO5LStk1zefH7","node":{"__id__":10},"loadingSprite":{"__id__":7},"loadingLabel":{"__id__":9}}],"_id":"e9e/uY8j9H1ahk4+HzS1vY"}]